Organization Name,Website,Contact Information,Specialization,Relevance Score,In Blacklist
European Civil Protection and Humanitarian Aid Operations,https://ec.europa.eu/echo/,Not provided,Humanitarian assistance and disaster response
Disasters Emergency Committee (DEC),https://www.dec.org.uk/,Not provided,Emergency relief coordination
Scottish Catholic International Aid Fund (SCIAF),https://www.sciaf.org.uk/,Not provided,Humanitarian aid and development
Mercy Corps,https://www.mercycorps.org/,Not provided,Emergency response and long-term development
People in Need,https://www.peopleinneed.net/,Not provided,Humanitarian and development assistance
CARE International,https://www.care-international.org/,Not provided,Disaster relief and poverty alleviation
Greenpeace International,https://www.greenpeace.org/,Not provided,Environmental activism and advocacy
UNICEF Europe and Central Asia,https://www.unicef.org/,Not provided,Child-focused humanitarian and development assistance
Concern Worldwide,https://www.concern.net/,Not provided,Emergency response and long-term development
Welthungerhilfe,https://www.welthungerhilfe.de/en/,Not provided,Hunger and poverty eradication
World Vision International,https://www.wvi.org/,Not provided,Child-focused humanitarian and development assistance
Action Against Hunger,https://www.actionagainsthunger.org/,Not provided,Hunger relief and nutrition programs
International Rescue Committee (IRC),https://www.rescue.org/,Not provided,Emergency response and long-term development
International Committee of the Red Cross (ICRC),https://www.icrc.org/,Not provided,Humanitarian protection and assistance
International Federation of Red Cross and Red Crescent Societies (IFRC),https://media.ifrc.org/,Not provided,Humanitarian response and disaster risk reduction
Oxfam International,https://www.oxfam.org/,Not provided,Poverty alleviation and emergency response
Direct Relief,https://www.directrelief.org/,Not provided,Medical aid and disaster response
Americares,https://www.americares.org/,Not provided,Health-focused emergency response
Good360,https://www.good360.org/,Not provided,Disaster recovery and product giving
Samaritan's Purse,https://www.samaritanspurse.org/,Not provided,Emergency relief and development projects
Food First,https://foodfirst.org/,Not provided,Food sovereignty and social justice
Feed a Billion,https://www.feedabillion.org/,Not provided,Hunger relief and sustainable food solutions
Operation USA (OpUSA),https://www.opusa.org/,Not provided,Disaster response and recovery
World Relief,https://worldrelief.org/,Not provided,Refugee resettlement and community development
Blumont,https://www.blumont.org/,Not provided,Empowering communities affected by conflict
ALIGHT,https://wearealight.org/,Not provided,Emergency response and humanitarian aid
German Federal Foreign Office: Humanitarian Assistance,Not provided,Not provided,Humanitarian assistance
Canadian Foodgrains Bank,https://foodgrainsbank.ca/,Not provided,Food security and nutrition programs
International Relief Teams,https://www.irteams.org/,Not provided,Disaster response and medical missions
All Hands and Hearts,https://www.allhandsandhearts.org/,Not provided,Disaster recovery and community rebuilding
Red Cross,https://www.redcross.org/,Not provided,Humanitarian relief and emergency response
Team Rubicon USA,https://teamrubiconusa.org/,Not provided,Disaster response and veteran-led volunteer efforts
Convoy of Hope,https://www.convoyofhope.org/,Not provided,Disaster response and community outreach
The Salvation Army USA,https://www.salvationarmyusa.org/,Not provided,Emergency assistance and community services
REACT International,https://www.reactintl.org/,Not provided,Emergency response and crisis management
Southern Baptist Disaster Relief (SBDR),https://www.namb.net/,Not provided,Disaster response and recovery
National Organization for Victim Assistance (NOVA),https://www.trynova.org/,Not provided,Victim advocacy and support
NECHAMA,https://www.nechama.org/,Not provided,Disaster response and long-term recovery
Volunteers of America (VOA),https://www.voa.org/,Not provided,Social services and community support
Doctors Without Borders (MSF),https://www.msf.org/,Not provided,Medical humanitarian aid and emergency response
ShelterBox,https://www.shelterbox.org/,Not provided,Emergency shelter and essential aid
Mennonite Central Committee (MCC),https://mcc.org/,Not provided,"Relief, development, and peacebuilding"
World Health Organization (WHO),https://www.who.int/,Not provided,Global public health and emergency response
Catholic Relief Services (CRS),https://www.crs.org/,Not provided,Emergency relief and sustainable development
International Medical Corps,https://internationalmedicalcorps.org/,Not provided,Healthcare services and emergency response
Caritas Europe,https://www.caritas.eu/,Not provided,Humanitarian aid and social service provision
CONCORD Europe,https://concordeurope.org/,Not provided,European NGO confederation for relief and development
ACTED,https://www.acted.org/,Not provided,Emergency response and development programs
VOICE,https://voiceeu.org/,Not provided,Network of NGOs focused on humanitarian aid
World Evangelical Alliance (WEA),https://worldea.org/,Not provided,Evangelical Christian relief and development
ReliefWeb,https://reliefweb.int/,Not provided,"Humanitarian news, information, and analysis"
International Council of Voluntary Agencies (ICVA),https://www.icvanetwork.org/,Not provided,NGO network advocating for effective humanitarian aid
Love Volunteers,https://www.lovevolunteers.org/,"1 (855) 203-1049, info@lovevolunteers.org",Volunteer Programs in Eastern Europe[1]
GoEco,https://www.goeco.org/,"1 (646) 240-4545, info@goeco.org",Wildlife Volunteering in Eastern Europe[3]
Global Volunteers,https://globalvolunteers.org/,"1 (651) 407-6100, email@globalvolunteers.org",Community Development in Eastern Europe[10]
Projects Abroad,https://www.projects-abroad.org/,"1 (888) 839-3535, info@projects-abroad.org",Volunteer Programs in Eastern European Countries[12]
AIESEC,https://www.aiesec.org/,"No phone number provided, contact page: https://aiesec.org/contact/",Youth Leadership Programs and Volunteering in Eastern Europe[12]
Volunteers For Peace,https://vfp.org/,"1 (802) 259-2759, vfp@vfp.org","Community development, peace initiatives, and environmental conservation"
ELI Abroad,https://www.eliabroad.org/,"1 (303) 321-8278, info@eliabroad.org","Various volunteer opportunities, including education, healthcare, and community development"
Atlas Corps,https://atlascorps.org/,"1 (202) 391-0525, info@atlascorps.org","Fellowship opportunities for emerging leaders, addressing social issues"
United Planet,https://www.unitedplanet.org/,"1 (617) 874-8041, quest@unitedplanet.org","Cultural exchange and volunteering programs in various fields, including community development and healthcare"
Love Volunteers,https://www.lovevolunteers.org/,"1-917-477-7862, help@lovevolunteers.org",Wide range of volunteer programs in Eastern Europe
Voluntouring,https://www.voluntouring.org/,info@voluntouring.org (no phone number available),Volunteering opportunities and programs in Eastern Europe
Go Overseas,https://www.gooverseas.com/,support@gooverseas.com (no phone number available),Volunteer Programs in Eastern Europe
Volunteer Forever,https://www.volunteerforever.com/,support@volunteerforever.com (no phone number available),Volunteer Abroad in Eastern Europe
Workaway,https://www.workaway.info/,info@workaway.info (no phone number available),Work Exchange and Volunteer programs in Eastern Europe
Globalteer,https://www.globalteer.org/,"+44 (0)207 193 7815, info@globalteer.org","Community projects, wildlife rescue, and conservation"
Cross-Cultural Solutions,https://www.crossculturalsolutions.org/,"1 (914) 632-0022, info@crossculturalsolutions.org","Childcare, education, health"
Habitat for Humanity,https://www.habitat.org/emea,"+421 (0)2 336 690 115, habitatemea@hfheurope.org","Housing, community development"
Go Overseas,https://www.gooverseas.com/,N/A,"Volunteer programs in Eastern Europe, including live-in English tutoring[0]"
Volunteer Forever,https://www.volunteerforever.com/,N/A,Volunteer programs in Eastern Europe across various sectors[1]
CCUSA,https://www.ccusa.com/,"1 (888) 449-3872, info@ccusa.com","Camp Counselors, Russia Program",75,0
Peace Corps,https://www.peacecorps.gov/,"1 (855) 855-1961, media@peacecorps.gov","Community development, education, health, environment, youth development",80,0
Volunteer World,https://www.volunteerworld.com/,support@volunteerworld.com,"Environmental conservation, community development, wildlife protection, education",70,0
VSO (Voluntary Service Overseas),https://www.vsointernational.org/,"44 (0)20 8780 7500, enquiries@vsoint.org","Health, education, and community initiatives",90,0
GVI (Global Vision International),https://www.gviusa.com/,"1 (888) 653-6028, info@gviworld.com","Environmental conservation, education, and community development",80,0
Kaya Responsible Travel,https://www.kayaresponsibletravel.com/,"1 (323) 530-9676, info@kayaresponsibletravel.com","Healthcare, community development, education, and conservation",80,0
International Volunteer HQ (IVHQ),https://www.volunteerhq.org/,"1 (949) 214-1625, info@volunteerhq.org","Education, healthcare, environment, and community support",70,0
Plan My Gap Year,https://www.planmygapyear.co.uk/,"44 (01793) 680529, info@planmygapyear.co.uk","Childcare, teaching, community development, wildlife conservation",70,0
United Nations Volunteers,https://www.unv.org/,"+49 (0) 228-815 2000, hq@unv.org",Humanitarian and emergency efforts in Eastern Europe,80,0
ELI Abroad,https://www.eliabroad.org/,"1 (303) 321-8278, info@eliabroad.org",Various volunteering opportunities,70,0
